<?xml version="1.0" encoding="UTF-8"?>
<GenRun Id="impl_1" LaunchPart="xc7a35tcpg236-1" LaunchTime="1627788901">
  <File Type="BITSTR-BMM" Name="Pipeline_MIPS_bd.bmm"/>
  <File Type="OPT-METHODOLOGY-DRC" Name="Pipeline_MIPS_methodology_drc_opted.rpt"/>
  <File Type="INIT-TIMING" Name="Pipeline_MIPS_timing_summary_init.rpt"/>
  <File Type="ROUTE-PWR" Name="Pipeline_MIPS_power_routed.rpt"/>
  <File Type="PA-TCL" Name="Pipeline_MIPS.tcl"/>
  <File Type="OPT-TIMING" Name="Pipeline_MIPS_timing_summary_opted.rpt"/>
  <File Type="OPT-DCP" Name="Pipeline_MIPS_opt.dcp"/>
  <File Type="ROUTE-PWR-SUM" Name="Pipeline_MIPS_power_summary_routed.pb"/>
  <File Type="REPORTS-TCL" Name="Pipeline_MIPS_reports.tcl"/>
  <File Type="OPT-DRC" Name="Pipeline_MIPS_drc_opted.rpt"/>
  <File Type="OPT-HWDEF" Name="Pipeline_MIPS.hwdef"/>
  <File Type="PWROPT-DCP" Name="Pipeline_MIPS_pwropt.dcp"/>
  <File Type="PWROPT-DRC" Name="Pipeline_MIPS_drc_pwropted.rpt"/>
  <File Type="PWROPT-TIMING" Name="Pipeline_MIPS_timing_summary_pwropted.rpt"/>
  <File Type="PLACE-DCP" Name="Pipeline_MIPS_placed.dcp"/>
  <File Type="PLACE-IO" Name="Pipeline_MIPS_io_placed.rpt"/>
  <File Type="PLACE-CLK" Name="Pipeline_MIPS_clock_utilization_placed.rpt"/>
  <File Type="PLACE-UTIL" Name="Pipeline_MIPS_utilization_placed.rpt"/>
  <File Type="PLACE-UTIL-PB" Name="Pipeline_MIPS_utilization_placed.pb"/>
  <File Type="PLACE-CTRL" Name="Pipeline_MIPS_control_sets_placed.rpt"/>
  <File Type="PLACE-SIMILARITY" Name="Pipeline_MIPS_incremental_reuse_placed.rpt"/>
  <File Type="PLACE-PRE-SIMILARITY" Name="Pipeline_MIPS_incremental_reuse_pre_placed.rpt"/>
  <File Type="PLACE-TIMING" Name="Pipeline_MIPS_timing_summary_placed.rpt"/>
  <File Type="POSTPLACE-PWROPT-DCP" Name="Pipeline_MIPS_postplace_pwropt.dcp"/>
  <File Type="BG-BIN" Name="Pipeline_MIPS.bin"/>
  <File Type="POSTPLACE-PWROPT-TIMING" Name="Pipeline_MIPS_timing_summary_postplace_pwropted.rpt"/>
  <File Type="PHYSOPT-DCP" Name="Pipeline_MIPS_physopt.dcp"/>
  <File Type="PHYSOPT-DRC" Name="Pipeline_MIPS_drc_physopted.rpt"/>
  <File Type="BITSTR-MSK" Name="Pipeline_MIPS.msk"/>
  <File Type="PHYSOPT-TIMING" Name="Pipeline_MIPS_timing_summary_physopted.rpt"/>
  <File Type="ROUTE-ERROR-DCP" Name="Pipeline_MIPS_routed_error.dcp"/>
  <File Type="ROUTE-DCP" Name="Pipeline_MIPS_routed.dcp"/>
  <File Type="ROUTE-BLACKBOX-DCP" Name="Pipeline_MIPS_routed_bb.dcp"/>
  <File Type="ROUTE-DRC" Name="Pipeline_MIPS_drc_routed.rpt"/>
  <File Type="ROUTE-DRC-PB" Name="Pipeline_MIPS_drc_routed.pb"/>
  <File Type="ROUTE-DRC-RPX" Name="Pipeline_MIPS_drc_routed.rpx"/>
  <File Type="BITSTR-MMI" Name="Pipeline_MIPS.mmi"/>
  <File Type="ROUTE-METHODOLOGY-DRC" Name="Pipeline_MIPS_methodology_drc_routed.rpt"/>
  <File Type="ROUTE-METHODOLOGY-DRC-RPX" Name="Pipeline_MIPS_methodology_drc_routed.rpx"/>
  <File Type="ROUTE-METHODOLOGY-DRC-PB" Name="Pipeline_MIPS_methodology_drc_routed.pb"/>
  <File Type="ROUTE-PWR-RPX" Name="Pipeline_MIPS_power_routed.rpx"/>
  <File Type="ROUTE-STATUS" Name="Pipeline_MIPS_route_status.rpt"/>
  <File Type="ROUTE-STATUS-PB" Name="Pipeline_MIPS_route_status.pb"/>
  <File Type="ROUTE-TIMINGSUMMARY" Name="Pipeline_MIPS_timing_summary_routed.rpt"/>
  <File Type="ROUTE-TIMING-PB" Name="Pipeline_MIPS_timing_summary_routed.pb"/>
  <File Type="ROUTE-TIMING-RPX" Name="Pipeline_MIPS_timing_summary_routed.rpx"/>
  <File Type="ROUTE-SIMILARITY" Name="Pipeline_MIPS_incremental_reuse_routed.rpt"/>
  <File Type="ROUTE-CLK" Name="Pipeline_MIPS_clock_utilization_routed.rpt"/>
  <File Type="ROUTE-BUS-SKEW" Name="Pipeline_MIPS_bus_skew_routed.rpt"/>
  <File Type="ROUTE-BUS-SKEW-PB" Name="Pipeline_MIPS_bus_skew_routed.pb"/>
  <File Type="ROUTE-BUS-SKEW-RPX" Name="Pipeline_MIPS_bus_skew_routed.rpx"/>
  <File Type="POSTROUTE-PHYSOPT-DCP" Name="Pipeline_MIPS_postroute_physopt.dcp"/>
  <File Type="POSTROUTE-PHYSOPT-BLACKBOX-DCP" Name="Pipeline_MIPS_postroute_physopt_bb.dcp"/>
  <File Type="POSTROUTE-PHYSOPT-TIMING" Name="Pipeline_MIPS_timing_summary_postroute_physopted.rpt"/>
  <File Type="POSTROUTE-PHYSOPT-TIMING-PB" Name="Pipeline_MIPS_timing_summary_postroute_physopted.pb"/>
  <File Type="POSTROUTE-PHYSOPT-TIMING-RPX" Name="Pipeline_MIPS_timing_summary_postroute_physopted.rpx"/>
  <File Type="POSTROUTE-PHYSOPT-BUS-SKEW" Name="Pipeline_MIPS_bus_skew_postroute_physopted.rpt"/>
  <File Type="POSTROUTE-PHYSOPT-BUS-SKEW-PB" Name="Pipeline_MIPS_bus_skew_postroute_physopted.pb"/>
  <File Type="BG-BIT" Name="Pipeline_MIPS.bit"/>
  <File Type="POSTROUTE-PHYSOPT-BUS-SKEW-RPX" Name="Pipeline_MIPS_bus_skew_postroute_physopted.rpx"/>
  <File Type="BITSTR-RBT" Name="Pipeline_MIPS.rbt"/>
  <File Type="BITSTR-NKY" Name="Pipeline_MIPS.nky"/>
  <File Type="PDI-FILE" Name="Pipeline_MIPS.pdi"/>
  <File Type="RCFI_FILE" Name="Pipeline_MIPS.rcfi"/>
  <File Type="CFI_FILE" Name="Pipeline_MIPS.cfi"/>
  <File Type="RNPI_FILE" Name="Pipeline_MIPS.rnpi"/>
  <File Type="NPI_FILE" Name="Pipeline_MIPS.npi"/>
  <File Type="RBD_FILE" Name="Pipeline_MIPS.rbd"/>
  <File Type="BITSTR-LTX" Name="debug_nets.ltx"/>
  <File Type="BITSTR-LTX" Name="Pipeline_MIPS.ltx"/>
  <File Type="BITSTR-SYSDEF" Name="Pipeline_MIPS.sysdef"/>
  <File Type="BG-BGN" Name="Pipeline_MIPS.bgn"/>
  <File Type="BG-DRC" Name="Pipeline_MIPS.drc"/>
  <File Type="RDI-RDI" Name="Pipeline_MIPS.vdi"/>
  <File Type="WBT-USG" Name="usage_statistics_webtalk.html"/>
  <FileSet Name="sources" Type="DesignSrcs" RelSrcDir="$PSRCDIR/sources_1">
    <Filter Type="Srcs"/>
    <File Path="$PSRCDIR/sources_1/imports/Lab_Backup_drive/Lab4/Lab4/Lab4.srcs/sources_1/new/ALU.vhd">
      <FileInfo>
        <Attr Name="ImportPath" Val="$PPRDIR/../../../../../../../OneDrive/Documents/RIT/Classes/DSD2/Lab_Backup_drive/Project/project_1V2/project_1V2.srcs/sources_1/imports/Lab_Backup_drive/Lab4/Lab4/Lab4.srcs/sources_1/new/ALU.vhd"/>
        <Attr Name="ImportTime" Val="1617156245"/>
        <Attr Name="UsedIn" Val="synthesis"/>
        <Attr Name="UsedIn" Val="simulation"/>
      </FileInfo>
    </File>
    <File Path="$PSRCDIR/sources_1/imports/Sources/Control_Unit.txt">
      <FileInfo SFType="VHDL">
        <Attr Name="ImportPath" Val="$PPRDIR/../../../../../../../OneDrive/Documents/RIT/Classes/DSD2/Lab_Backup_drive/Project/project_1V2/project_1V2.srcs/sources_1/imports/Lab_Backup_drive/Lab3/Sources/Control_Unit.txt"/>
        <Attr Name="ImportTime" Val="1618960220"/>
        <Attr Name="UsedIn" Val="synthesis"/>
        <Attr Name="UsedIn" Val="simulation"/>
      </FileInfo>
    </File>
    <File Path="$PSRCDIR/sources_1/imports/Lab_Backup_drive/lab5/lab_5/lab_5.srcs/sources_1/new/Data Memory.vhd">
      <FileInfo>
        <Attr Name="ImportPath" Val="$PPRDIR/../../../../../../../OneDrive/Documents/RIT/Classes/DSD2/Lab_Backup_drive/Project/project_1V2/project_1V2.srcs/sources_1/imports/Lab_Backup_drive/lab5/lab_5/lab_5.srcs/sources_1/new/Data Memory.vhd"/>
        <Attr Name="ImportTime" Val="1619989744"/>
        <Attr Name="UsedIn" Val="synthesis"/>
        <Attr Name="UsedIn" Val="simulation"/>
      </FileInfo>
    </File>
    <File Path="$PSRCDIR/sources_1/imports/sources_1/new/Decode_Stage.vhd">
      <FileInfo>
        <Attr Name="ImportPath" Val="$PPRDIR/../../../../../../../OneDrive/Documents/RIT/Classes/DSD2/Lab_Backup_drive/Project/project_1V2/project_1V2.srcs/sources_1/new/Decode_Stage.vhd"/>
        <Attr Name="ImportTime" Val="1620099459"/>
        <Attr Name="UsedIn" Val="synthesis"/>
        <Attr Name="UsedIn" Val="simulation"/>
      </FileInfo>
    </File>
    <File Path="$PSRCDIR/sources_1/imports/Lab_Backup_drive/Lab4/Lab4/Lab4.srcs/sources_1/new/ExecuteStage.vhd">
      <FileInfo>
        <Attr Name="ImportPath" Val="$PPRDIR/../../../../../../../OneDrive/Documents/RIT/Classes/DSD2/Lab_Backup_drive/Project/project_1V2/project_1V2.srcs/sources_1/imports/Lab_Backup_drive/Lab4/Lab4/Lab4.srcs/sources_1/new/ExecuteStage.vhd"/>
        <Attr Name="ImportTime" Val="1619931702"/>
        <Attr Name="UsedIn" Val="synthesis"/>
        <Attr Name="UsedIn" Val="simulation"/>
      </FileInfo>
    </File>
    <File Path="$PSRCDIR/sources_1/imports/sources_1/new/Fetch_Stage.vhd">
      <FileInfo>
        <Attr Name="ImportPath" Val="$PPRDIR/../../../../../../../OneDrive/Documents/RIT/Classes/DSD2/Lab_Backup_drive/Project/project_1V2/project_1V2.srcs/sources_1/new/Fetch_Stage.vhd"/>
        <Attr Name="ImportTime" Val="1620092190"/>
        <Attr Name="UsedIn" Val="synthesis"/>
        <Attr Name="UsedIn" Val="simulation"/>
      </FileInfo>
    </File>
    <File Path="$PSRCDIR/sources_1/imports/Sources/Instruction_mem.txt">
      <FileInfo SFType="VHDL">
        <Attr Name="ImportPath" Val="$PPRDIR/../../../../../../../OneDrive/Documents/RIT/Classes/DSD2/Lab_Backup_drive/Project/project_1V2/project_1V2.srcs/sources_1/imports/Lab_Backup_drive/Lab3/Sources/Instruction_mem.txt"/>
        <Attr Name="ImportTime" Val="1620003001"/>
        <Attr Name="UsedIn" Val="synthesis"/>
        <Attr Name="UsedIn" Val="simulation"/>
      </FileInfo>
    </File>
    <File Path="$PSRCDIR/sources_1/imports/sources_1/new/Mem_Stage.vhd">
      <FileInfo>
        <Attr Name="ImportPath" Val="$PPRDIR/../../../../../../../OneDrive/Documents/RIT/Classes/DSD2/Lab_Backup_drive/Project/project_1V2/project_1V2.srcs/sources_1/new/Mem_Stage.vhd"/>
        <Attr Name="ImportTime" Val="1620092144"/>
        <Attr Name="UsedIn" Val="synthesis"/>
        <Attr Name="UsedIn" Val="simulation"/>
      </FileInfo>
    </File>
    <File Path="$PSRCDIR/sources_1/imports/Lab_Backup_drive/Lab4/Lab4/Lab4.srcs/sources_1/new/Multiplier.vhd">
      <FileInfo>
        <Attr Name="ImportPath" Val="$PPRDIR/../../../../../../../OneDrive/Documents/RIT/Classes/DSD2/Lab_Backup_drive/Project/project_1V2/project_1V2.srcs/sources_1/imports/Lab_Backup_drive/Lab4/Lab4/Lab4.srcs/sources_1/new/Multiplier.vhd"/>
        <Attr Name="ImportTime" Val="1617159123"/>
        <Attr Name="UsedIn" Val="synthesis"/>
        <Attr Name="UsedIn" Val="simulation"/>
      </FileInfo>
    </File>
    <File Path="$PSRCDIR/sources_1/imports/Lab_Backup_drive/Lab4/Lab4/Lab4.srcs/sources_1/new/OneBitFullAdder.vhd">
      <FileInfo>
        <Attr Name="ImportPath" Val="$PPRDIR/../../../../../../../OneDrive/Documents/RIT/Classes/DSD2/Lab_Backup_drive/Project/project_1V2/project_1V2.srcs/sources_1/imports/Lab_Backup_drive/Lab4/Lab4/Lab4.srcs/sources_1/new/OneBitFullAdder.vhd"/>
        <Attr Name="ImportTime" Val="1616533860"/>
        <Attr Name="UsedIn" Val="synthesis"/>
        <Attr Name="UsedIn" Val="simulation"/>
      </FileInfo>
    </File>
    <File Path="$PSRCDIR/sources_1/imports/Lab_Backup_drive/Lab4/Lab4/Lab4.srcs/sources_1/new/RCFAdder.vhd">
      <FileInfo>
        <Attr Name="ImportPath" Val="$PPRDIR/../../../../../../../OneDrive/Documents/RIT/Classes/DSD2/Lab_Backup_drive/Project/project_1V2/project_1V2.srcs/sources_1/imports/Lab_Backup_drive/Lab4/Lab4/Lab4.srcs/sources_1/new/RCFAdder.vhd"/>
        <Attr Name="ImportTime" Val="1618269702"/>
        <Attr Name="UsedIn" Val="synthesis"/>
        <Attr Name="UsedIn" Val="simulation"/>
      </FileInfo>
    </File>
    <File Path="$PSRCDIR/sources_1/imports/sources_1/imports/Lab_Backup_drive/lab2/Lab_2/Lab_2.srcs/sources_1/new/RegisterFile.vhd">
      <FileInfo>
        <Attr Name="ImportPath" Val="$PPRDIR/../../../../../../../OneDrive/Documents/RIT/Classes/DSD2/Lab_Backup_drive/Project/project_1V2/project_1V2.srcs/sources_1/imports/Lab_Backup_drive/lab2/Lab_2/Lab_2.srcs/sources_1/new/RegisterFile.vhd"/>
        <Attr Name="ImportTime" Val="1619933450"/>
        <Attr Name="UsedIn" Val="synthesis"/>
        <Attr Name="UsedIn" Val="simulation"/>
      </FileInfo>
    </File>
    <File Path="$PSRCDIR/sources_1/imports/sources_1/new/WB_Stage.vhd">
      <FileInfo>
        <Attr Name="ImportPath" Val="$PPRDIR/../../../../../../../OneDrive/Documents/RIT/Classes/DSD2/Lab_Backup_drive/Project/project_1V2/project_1V2.srcs/sources_1/new/WB_Stage.vhd"/>
        <Attr Name="ImportTime" Val="1620092128"/>
        <Attr Name="UsedIn" Val="synthesis"/>
        <Attr Name="UsedIn" Val="simulation"/>
      </FileInfo>
    </File>
    <File Path="$PSRCDIR/sources_1/imports/Lab_Backup_drive/Lab4/Lab4/Lab4.srcs/sources_1/new/and_comp.vhd">
      <FileInfo>
        <Attr Name="ImportPath" Val="$PPRDIR/../../../../../../../OneDrive/Documents/RIT/Classes/DSD2/Lab_Backup_drive/Project/project_1V2/project_1V2.srcs/sources_1/imports/Lab_Backup_drive/Lab4/Lab4/Lab4.srcs/sources_1/new/and_comp.vhd"/>
        <Attr Name="ImportTime" Val="1612896616"/>
        <Attr Name="UsedIn" Val="synthesis"/>
        <Attr Name="UsedIn" Val="simulation"/>
      </FileInfo>
    </File>
    <File Path="$PSRCDIR/sources_1/imports/Lab_Backup_drive/Lab4/Lab4/Lab4.srcs/sources_1/new/notN.vhd">
      <FileInfo>
        <Attr Name="ImportPath" Val="$PPRDIR/../../../../../../../OneDrive/Documents/RIT/Classes/DSD2/Lab_Backup_drive/Project/project_1V2/project_1V2.srcs/sources_1/imports/Lab_Backup_drive/Lab4/Lab4/Lab4.srcs/sources_1/new/notN.vhd"/>
        <Attr Name="ImportTime" Val="1611869774"/>
        <Attr Name="UsedIn" Val="synthesis"/>
        <Attr Name="UsedIn" Val="simulation"/>
      </FileInfo>
    </File>
    <File Path="$PSRCDIR/sources_1/imports/Lab_Backup_drive/Lab4/Lab4/Lab4.srcs/sources_1/new/or_comp.vhd">
      <FileInfo>
        <Attr Name="ImportPath" Val="$PPRDIR/../../../../../../../OneDrive/Documents/RIT/Classes/DSD2/Lab_Backup_drive/Project/project_1V2/project_1V2.srcs/sources_1/imports/Lab_Backup_drive/Lab4/Lab4/Lab4.srcs/sources_1/new/or_comp.vhd"/>
        <Attr Name="ImportTime" Val="1612896620"/>
        <Attr Name="UsedIn" Val="synthesis"/>
        <Attr Name="UsedIn" Val="simulation"/>
      </FileInfo>
    </File>
    <File Path="$PSRCDIR/sources_1/imports/Lab_Backup_drive/Lab4/Lab4/Lab4.srcs/sources_1/new/sllN.vhd">
      <FileInfo>
        <Attr Name="ImportPath" Val="$PPRDIR/../../../../../../../OneDrive/Documents/RIT/Classes/DSD2/Lab_Backup_drive/Project/project_1V2/project_1V2.srcs/sources_1/imports/Lab_Backup_drive/Lab4/Lab4/Lab4.srcs/sources_1/new/sllN.vhd"/>
        <Attr Name="ImportTime" Val="1612896612"/>
        <Attr Name="UsedIn" Val="synthesis"/>
        <Attr Name="UsedIn" Val="simulation"/>
      </FileInfo>
    </File>
    <File Path="$PSRCDIR/sources_1/imports/Lab_Backup_drive/Lab4/Lab4/Lab4.srcs/sources_1/new/sra_comp.vhd">
      <FileInfo>
        <Attr Name="ImportPath" Val="$PPRDIR/../../../../../../../OneDrive/Documents/RIT/Classes/DSD2/Lab_Backup_drive/Project/project_1V2/project_1V2.srcs/sources_1/imports/Lab_Backup_drive/Lab4/Lab4/Lab4.srcs/sources_1/new/sra_comp.vhd"/>
        <Attr Name="ImportTime" Val="1612896608"/>
        <Attr Name="UsedIn" Val="synthesis"/>
        <Attr Name="UsedIn" Val="simulation"/>
      </FileInfo>
    </File>
    <File Path="$PSRCDIR/sources_1/imports/Lab_Backup_drive/Lab4/Lab4/Lab4.srcs/sources_1/new/srl_comp.vhd">
      <FileInfo>
        <Attr Name="ImportPath" Val="$PPRDIR/../../../../../../../OneDrive/Documents/RIT/Classes/DSD2/Lab_Backup_drive/Project/project_1V2/project_1V2.srcs/sources_1/imports/Lab_Backup_drive/Lab4/Lab4/Lab4.srcs/sources_1/new/srl_comp.vhd"/>
        <Attr Name="ImportTime" Val="1612896610"/>
        <Attr Name="UsedIn" Val="synthesis"/>
        <Attr Name="UsedIn" Val="simulation"/>
      </FileInfo>
    </File>
    <File Path="$PSRCDIR/sources_1/imports/Lab_Backup_drive/Lab4/Lab4/Lab4.srcs/sources_1/new/xor_comp.vhd">
      <FileInfo>
        <Attr Name="ImportPath" Val="$PPRDIR/../../../../../../../OneDrive/Documents/RIT/Classes/DSD2/Lab_Backup_drive/Project/project_1V2/project_1V2.srcs/sources_1/imports/Lab_Backup_drive/Lab4/Lab4/Lab4.srcs/sources_1/new/xor_comp.vhd"/>
        <Attr Name="ImportTime" Val="1612896614"/>
        <Attr Name="UsedIn" Val="synthesis"/>
        <Attr Name="UsedIn" Val="simulation"/>
      </FileInfo>
    </File>
    <File Path="$PSRCDIR/sources_1/imports/sources_1/new/Pipeline_MIPS.vhd">
      <FileInfo>
        <Attr Name="ImportPath" Val="$PPRDIR/../../../../../../../OneDrive/Documents/RIT/Classes/DSD2/Lab_Backup_drive/Project/project_1V2/project_1V2.srcs/sources_1/new/Pipeline_MIPS.vhd"/>
        <Attr Name="ImportTime" Val="1620092077"/>
        <Attr Name="UsedIn" Val="synthesis"/>
        <Attr Name="UsedIn" Val="simulation"/>
      </FileInfo>
    </File>
    <Config>
      <Option Name="DesignMode" Val="RTL"/>
      <Option Name="TopModule" Val="Pipeline_MIPS"/>
      <Option Name="TopAutoSet" Val="TRUE"/>
    </Config>
  </FileSet>
  <FileSet Name="constrs_in" Type="Constrs" RelSrcDir="$PSRCDIR/constrs_1">
    <Filter Type="Constrs"/>
    <Config>
      <Option Name="ConstrsType" Val="XDC"/>
    </Config>
  </FileSet>
  <FileSet Name="utils" Type="Utils" RelSrcDir="$PSRCDIR/utils_1">
    <Filter Type="Utils"/>
    <Config>
      <Option Name="TopAutoSet" Val="TRUE"/>
    </Config>
  </FileSet>
  <Strategy Version="1" Minor="2">
    <StratHandle Name="Vivado Implementation Defaults" Flow="Vivado Implementation 2019"/>
    <Step Id="init_design"/>
    <Step Id="opt_design"/>
    <Step Id="power_opt_design"/>
    <Step Id="place_design"/>
    <Step Id="post_place_power_opt_design"/>
    <Step Id="phys_opt_design" EnableStepBool="1"/>
    <Step Id="route_design"/>
    <Step Id="post_route_phys_opt_design"/>
    <Step Id="write_bitstream"/>
  </Strategy>
</GenRun>
