<?xml version="1.0" encoding="UTF-8"?>
<GenRun Id="synth_1" LaunchPart="xc7a35tcpg236-1" LaunchTime="1627788901">
  <File Type="PA-TCL" Name="Pipeline_MIPS.tcl"/>
  <File Type="RDS-PROPCONSTRS" Name="Pipeline_MIPS_drc_synth.rpt"/>
  <File Type="REPORTS-TCL" Name="Pipeline_MIPS_reports.tcl"/>
  <File Type="RDS-RDS" Name="Pipeline_MIPS.vds"/>
  <File Type="RDS-UTIL" Name="Pipeline_MIPS_utilization_synth.rpt"/>
  <File Type="RDS-UTIL-PB" Name="Pipeline_MIPS_utilization_synth.pb"/>
  <File Type="RDS-DCP" Name="Pipeline_MIPS.dcp"/>
  <File Type="VDS-TIMINGSUMMARY" Name="Pipeline_MIPS_timing_summary_synth.rpt"/>
  <File Type="VDS-TIMING-PB" Name="Pipeline_MIPS_timing_summary_synth.pb"/>
  <FileSet Name="sources" Type="DesignSrcs" RelSrcDir="$PSRCDIR/sources_1">
    <Filter Type="Srcs"/>
    <File Path="$PSRCDIR/sources_1/imports/Lab_Backup_drive/Lab4/Lab4/Lab4.srcs/sources_1/new/ALU.vhd">
      <FileInfo>
        <Attr Name="ImportPath" Val="$PPRDIR/../../../../../../../OneDrive/Documents/RIT/Classes/DSD2/Lab_Backup_drive/Project/project_1V2/project_1V2.srcs/sources_1/imports/Lab_Backup_drive/Lab4/Lab4/Lab4.srcs/sources_1/new/ALU.vhd"/>
        <Attr Name="ImportTime" Val="1617156245"/>
        <Attr Name="UsedIn" Val="synthesis"/>
        <Attr Name="UsedIn" Val="simulation"/>
      </FileInfo>
    </File>
    <File Path="$PSRCDIR/sources_1/imports/Sources/Control_Unit.txt">
      <FileInfo SFType="VHDL">
        <Attr Name="ImportPath" Val="$PPRDIR/../../../../../../../OneDrive/Documents/RIT/Classes/DSD2/Lab_Backup_drive/Project/project_1V2/project_1V2.srcs/sources_1/imports/Lab_Backup_drive/Lab3/Sources/Control_Unit.txt"/>
        <Attr Name="ImportTime" Val="1618960220"/>
        <Attr Name="UsedIn" Val="synthesis"/>
        <Attr Name="UsedIn" Val="simulation"/>
      </FileInfo>
    </File>
    <File Path="$PSRCDIR/sources_1/imports/Lab_Backup_drive/lab5/lab_5/lab_5.srcs/sources_1/new/Data Memory.vhd">
      <FileInfo>
        <Attr Name="ImportPath" Val="$PPRDIR/../../../../../../../OneDrive/Documents/RIT/Classes/DSD2/Lab_Backup_drive/Project/project_1V2/project_1V2.srcs/sources_1/imports/Lab_Backup_drive/lab5/lab_5/lab_5.srcs/sources_1/new/Data Memory.vhd"/>
        <Attr Name="ImportTime" Val="1619989744"/>
        <Attr Name="UsedIn" Val="synthesis"/>
        <Attr Name="UsedIn" Val="simulation"/>
      </FileInfo>
    </File>
    <File Path="$PSRCDIR/sources_1/imports/sources_1/new/Decode_Stage.vhd">
      <FileInfo>
        <Attr Name="ImportPath" Val="$PPRDIR/../../../../../../../OneDrive/Documents/RIT/Classes/DSD2/Lab_Backup_drive/Project/project_1V2/project_1V2.srcs/sources_1/new/Decode_Stage.vhd"/>
        <Attr Name="ImportTime" Val="1620099459"/>
        <Attr Name="UsedIn" Val="synthesis"/>
        <Attr Name="UsedIn" Val="simulation"/>
      </FileInfo>
    </File>
    <File Path="$PSRCDIR/sources_1/imports/Lab_Backup_drive/Lab4/Lab4/Lab4.srcs/sources_1/new/ExecuteStage.vhd">
      <FileInfo>
        <Attr Name="ImportPath" Val="$PPRDIR/../../../../../../../OneDrive/Documents/RIT/Classes/DSD2/Lab_Backup_drive/Project/project_1V2/project_1V2.srcs/sources_1/imports/Lab_Backup_drive/Lab4/Lab4/Lab4.srcs/sources_1/new/ExecuteStage.vhd"/>
        <Attr Name="ImportTime" Val="1619931702"/>
        <Attr Name="UsedIn" Val="synthesis"/>
        <Attr Name="UsedIn" Val="simulation"/>
      </FileInfo>
    </File>
    <File Path="$PSRCDIR/sources_1/imports/sources_1/new/Fetch_Stage.vhd">
      <FileInfo>
        <Attr Name="ImportPath" Val="$PPRDIR/../../../../../../../OneDrive/Documents/RIT/Classes/DSD2/Lab_Backup_drive/Project/project_1V2/project_1V2.srcs/sources_1/new/Fetch_Stage.vhd"/>
        <Attr Name="ImportTime" Val="1620092190"/>
        <Attr Name="UsedIn" Val="synthesis"/>
        <Attr Name="UsedIn" Val="simulation"/>
      </FileInfo>
    </File>
    <File Path="$PSRCDIR/sources_1/imports/Sources/Instruction_mem.txt">
      <FileInfo SFType="VHDL">
        <Attr Name="ImportPath" Val="$PPRDIR/../../../../../../../OneDrive/Documents/RIT/Classes/DSD2/Lab_Backup_drive/Project/project_1V2/project_1V2.srcs/sources_1/imports/Lab_Backup_drive/Lab3/Sources/Instruction_mem.txt"/>
        <Attr Name="ImportTime" Val="1620003001"/>
        <Attr Name="UsedIn" Val="synthesis"/>
        <Attr Name="UsedIn" Val="simulation"/>
      </FileInfo>
    </File>
    <File Path="$PSRCDIR/sources_1/imports/sources_1/new/Mem_Stage.vhd">
      <FileInfo>
        <Attr Name="ImportPath" Val="$PPRDIR/../../../../../../../OneDrive/Documents/RIT/Classes/DSD2/Lab_Backup_drive/Project/project_1V2/project_1V2.srcs/sources_1/new/Mem_Stage.vhd"/>
        <Attr Name="ImportTime" Val="1620092144"/>
        <Attr Name="UsedIn" Val="synthesis"/>
        <Attr Name="UsedIn" Val="simulation"/>
      </FileInfo>
    </File>
    <File Path="$PSRCDIR/sources_1/imports/Lab_Backup_drive/Lab4/Lab4/Lab4.srcs/sources_1/new/Multiplier.vhd">
      <FileInfo>
        <Attr Name="ImportPath" Val="$PPRDIR/../../../../../../../OneDrive/Documents/RIT/Classes/DSD2/Lab_Backup_drive/Project/project_1V2/project_1V2.srcs/sources_1/imports/Lab_Backup_drive/Lab4/Lab4/Lab4.srcs/sources_1/new/Multiplier.vhd"/>
        <Attr Name="ImportTime" Val="1617159123"/>
        <Attr Name="UsedIn" Val="synthesis"/>
        <Attr Name="UsedIn" Val="simulation"/>
      </FileInfo>
    </File>
    <File Path="$PSRCDIR/sources_1/imports/Lab_Backup_drive/Lab4/Lab4/Lab4.srcs/sources_1/new/OneBitFullAdder.vhd">
      <FileInfo>
        <Attr Name="ImportPath" Val="$PPRDIR/../../../../../../../OneDrive/Documents/RIT/Classes/DSD2/Lab_Backup_drive/Project/project_1V2/project_1V2.srcs/sources_1/imports/Lab_Backup_drive/Lab4/Lab4/Lab4.srcs/sources_1/new/OneBitFullAdder.vhd"/>
        <Attr Name="ImportTime" Val="1616533860"/>
        <Attr Name="UsedIn" Val="synthesis"/>
        <Attr Name="UsedIn" Val="simulation"/>
      </FileInfo>
    </File>
    <File Path="$PSRCDIR/sources_1/imports/Lab_Backup_drive/Lab4/Lab4/Lab4.srcs/sources_1/new/RCFAdder.vhd">
      <FileInfo>
        <Attr Name="ImportPath" Val="$PPRDIR/../../../../../../../OneDrive/Documents/RIT/Classes/DSD2/Lab_Backup_drive/Project/project_1V2/project_1V2.srcs/sources_1/imports/Lab_Backup_drive/Lab4/Lab4/Lab4.srcs/sources_1/new/RCFAdder.vhd"/>
        <Attr Name="ImportTime" Val="1618269702"/>
        <Attr Name="UsedIn" Val="synthesis"/>
        <Attr Name="UsedIn" Val="simulation"/>
      </FileInfo>
    </File>
    <File Path="$PSRCDIR/sources_1/imports/sources_1/imports/Lab_Backup_drive/lab2/Lab_2/Lab_2.srcs/sources_1/new/RegisterFile.vhd">
      <FileInfo>
        <Attr Name="ImportPath" Val="$PPRDIR/../../../../../../../OneDrive/Documents/RIT/Classes/DSD2/Lab_Backup_drive/Project/project_1V2/project_1V2.srcs/sources_1/imports/Lab_Backup_drive/lab2/Lab_2/Lab_2.srcs/sources_1/new/RegisterFile.vhd"/>
        <Attr Name="ImportTime" Val="1619933450"/>
        <Attr Name="UsedIn" Val="synthesis"/>
        <Attr Name="UsedIn" Val="simulation"/>
      </FileInfo>
    </File>
    <File Path="$PSRCDIR/sources_1/imports/sources_1/new/WB_Stage.vhd">
      <FileInfo>
        <Attr Name="ImportPath" Val="$PPRDIR/../../../../../../../OneDrive/Documents/RIT/Classes/DSD2/Lab_Backup_drive/Project/project_1V2/project_1V2.srcs/sources_1/new/WB_Stage.vhd"/>
        <Attr Name="ImportTime" Val="1620092128"/>
        <Attr Name="UsedIn" Val="synthesis"/>
        <Attr Name="UsedIn" Val="simulation"/>
      </FileInfo>
    </File>
    <File Path="$PSRCDIR/sources_1/imports/Lab_Backup_drive/Lab4/Lab4/Lab4.srcs/sources_1/new/and_comp.vhd">
      <FileInfo>
        <Attr Name="ImportPath" Val="$PPRDIR/../../../../../../../OneDrive/Documents/RIT/Classes/DSD2/Lab_Backup_drive/Project/project_1V2/project_1V2.srcs/sources_1/imports/Lab_Backup_drive/Lab4/Lab4/Lab4.srcs/sources_1/new/and_comp.vhd"/>
        <Attr Name="ImportTime" Val="1612896616"/>
        <Attr Name="UsedIn" Val="synthesis"/>
        <Attr Name="UsedIn" Val="simulation"/>
      </FileInfo>
    </File>
    <File Path="$PSRCDIR/sources_1/imports/Lab_Backup_drive/Lab4/Lab4/Lab4.srcs/sources_1/new/notN.vhd">
      <FileInfo>
        <Attr Name="ImportPath" Val="$PPRDIR/../../../../../../../OneDrive/Documents/RIT/Classes/DSD2/Lab_Backup_drive/Project/project_1V2/project_1V2.srcs/sources_1/imports/Lab_Backup_drive/Lab4/Lab4/Lab4.srcs/sources_1/new/notN.vhd"/>
        <Attr Name="ImportTime" Val="1611869774"/>
        <Attr Name="UsedIn" Val="synthesis"/>
        <Attr Name="UsedIn" Val="simulation"/>
      </FileInfo>
    </File>
    <File Path="$PSRCDIR/sources_1/imports/Lab_Backup_drive/Lab4/Lab4/Lab4.srcs/sources_1/new/or_comp.vhd">
      <FileInfo>
        <Attr Name="ImportPath" Val="$PPRDIR/../../../../../../../OneDrive/Documents/RIT/Classes/DSD2/Lab_Backup_drive/Project/project_1V2/project_1V2.srcs/sources_1/imports/Lab_Backup_drive/Lab4/Lab4/Lab4.srcs/sources_1/new/or_comp.vhd"/>
        <Attr Name="ImportTime" Val="1612896620"/>
        <Attr Name="UsedIn" Val="synthesis"/>
        <Attr Name="UsedIn" Val="simulation"/>
      </FileInfo>
    </File>
    <File Path="$PSRCDIR/sources_1/imports/Lab_Backup_drive/Lab4/Lab4/Lab4.srcs/sources_1/new/sllN.vhd">
      <FileInfo>
        <Attr Name="ImportPath" Val="$PPRDIR/../../../../../../../OneDrive/Documents/RIT/Classes/DSD2/Lab_Backup_drive/Project/project_1V2/project_1V2.srcs/sources_1/imports/Lab_Backup_drive/Lab4/Lab4/Lab4.srcs/sources_1/new/sllN.vhd"/>
        <Attr Name="ImportTime" Val="1612896612"/>
        <Attr Name="UsedIn" Val="synthesis"/>
        <Attr Name="UsedIn" Val="simulation"/>
      </FileInfo>
    </File>
    <File Path="$PSRCDIR/sources_1/imports/Lab_Backup_drive/Lab4/Lab4/Lab4.srcs/sources_1/new/sra_comp.vhd">
      <FileInfo>
        <Attr Name="ImportPath" Val="$PPRDIR/../../../../../../../OneDrive/Documents/RIT/Classes/DSD2/Lab_Backup_drive/Project/project_1V2/project_1V2.srcs/sources_1/imports/Lab_Backup_drive/Lab4/Lab4/Lab4.srcs/sources_1/new/sra_comp.vhd"/>
        <Attr Name="ImportTime" Val="1612896608"/>
        <Attr Name="UsedIn" Val="synthesis"/>
        <Attr Name="UsedIn" Val="simulation"/>
      </FileInfo>
    </File>
    <File Path="$PSRCDIR/sources_1/imports/Lab_Backup_drive/Lab4/Lab4/Lab4.srcs/sources_1/new/srl_comp.vhd">
      <FileInfo>
        <Attr Name="ImportPath" Val="$PPRDIR/../../../../../../../OneDrive/Documents/RIT/Classes/DSD2/Lab_Backup_drive/Project/project_1V2/project_1V2.srcs/sources_1/imports/Lab_Backup_drive/Lab4/Lab4/Lab4.srcs/sources_1/new/srl_comp.vhd"/>
        <Attr Name="ImportTime" Val="1612896610"/>
        <Attr Name="UsedIn" Val="synthesis"/>
        <Attr Name="UsedIn" Val="simulation"/>
      </FileInfo>
    </File>
    <File Path="$PSRCDIR/sources_1/imports/Lab_Backup_drive/Lab4/Lab4/Lab4.srcs/sources_1/new/xor_comp.vhd">
      <FileInfo>
        <Attr Name="ImportPath" Val="$PPRDIR/../../../../../../../OneDrive/Documents/RIT/Classes/DSD2/Lab_Backup_drive/Project/project_1V2/project_1V2.srcs/sources_1/imports/Lab_Backup_drive/Lab4/Lab4/Lab4.srcs/sources_1/new/xor_comp.vhd"/>
        <Attr Name="ImportTime" Val="1612896614"/>
        <Attr Name="UsedIn" Val="synthesis"/>
        <Attr Name="UsedIn" Val="simulation"/>
      </FileInfo>
    </File>
    <File Path="$PSRCDIR/sources_1/imports/sources_1/new/Pipeline_MIPS.vhd">
      <FileInfo>
        <Attr Name="ImportPath" Val="$PPRDIR/../../../../../../../OneDrive/Documents/RIT/Classes/DSD2/Lab_Backup_drive/Project/project_1V2/project_1V2.srcs/sources_1/new/Pipeline_MIPS.vhd"/>
        <Attr Name="ImportTime" Val="1620092077"/>
        <Attr Name="UsedIn" Val="synthesis"/>
        <Attr Name="UsedIn" Val="simulation"/>
      </FileInfo>
    </File>
    <Config>
      <Option Name="DesignMode" Val="RTL"/>
      <Option Name="TopModule" Val="Pipeline_MIPS"/>
      <Option Name="TopAutoSet" Val="TRUE"/>
    </Config>
  </FileSet>
  <FileSet Name="constrs_in" Type="Constrs" RelSrcDir="$PSRCDIR/constrs_1">
    <Filter Type="Constrs"/>
    <Config>
      <Option Name="ConstrsType" Val="XDC"/>
    </Config>
  </FileSet>
  <FileSet Name="utils" Type="Utils" RelSrcDir="$PSRCDIR/utils_1">
    <Filter Type="Utils"/>
    <Config>
      <Option Name="TopAutoSet" Val="TRUE"/>
    </Config>
  </FileSet>
  <Strategy Version="1" Minor="2">
    <StratHandle Name="Vivado Synthesis Defaults" Flow="Vivado Synthesis 2019"/>
    <Step Id="synth_design"/>
  </Strategy>
</GenRun>
